"asset_id","filename","proposed_path","represented_subject","homepage_placement","asset_type","current_status","semantic_status","technical_status","rights_status","source_evidence_status","peter_approval_status","v2_priority","production_action","candidate_source_sha256","production_sha256","pixel_dimensions","output_bytes","notes"
"ASSET-EXISTING-HOME-HERO","home_hero_new_earth_main.webp","ASSETS/02_HOME/hero/home_hero_new_earth_main.webp","Overall New Earth proposition","Hero","DOCUMENTARY","DONE","EXACT","1920x1080; responsive crop","Review required","ASSET_REGISTER filename match","Approved direction use; placement audited","REQUIRED","Retain with crop review","","","","","No text inside image"
"ASSET-EXISTING-BLUEPRINT-HERO","blueprint_hero.webp","ASSETS/04_BLUEPRINT/hero/blueprint_hero.webp","Blueprint exploration","Exploration pathway","DOCUMENTARY","DONE","ACCEPTABLE SUPPORTING","1920x1080; responsive crop","Review required","ASSET_REGISTER filename match","Approved direction use; placement audited","RECOMMENDED","Retain with crop review","","","","","Blueprint-led context only"
"ASSET-EXISTING-MICROGROW-HERO","microgrow_hero.webp","ASSETS/06_MICROGROW/hero/microgrow_hero.webp","MicroGrow AI Lab page hero","MicroGrow page hero; not homepage project card","CONCEPTUAL","APPROVED","EXACT","1920x1080; responsive crop","Review required","ASSET_REGISTER filename match","Approved handoff candidate","REQUIRED","Adopt as page hero only","AB62FDA6926354A2E6839B2AECE422715318BD0BA4119FB8DC7C20F8B1E5FBBC","72EECD869C4B0B2F906D01940D875BD236FF350A7E4297A64F7B4E32A460E9FB","1920x1080","339832","Conceptual visual; not homepage project-card evidence or readiness proof"
"ASSET-EXISTING-COMMUNITY-HERO","community_hero.webp","ASSETS/11_COMMUNITY/hero/community_hero.webp","Community and participation","Get Involved","DOCUMENTARY","DONE","EXACT","1920x1080; 16:9 card crop","Review required","ASSET_REGISTER filename match","Approved asset; placement audited","REQUIRED","Retain with crop review","","","","","Not used as project evidence"
"ASSET-REJECTED-MANIFESTO-INTRO","manifesto_hero.webp","ASSETS/03_MANIFESTO/hero/manifesto_hero.webp","Manifesto or reflective doctrine","What is New Earth?","DOCUMENTARY","DONE","MISMATCHED","1920x1080","Review required","ASSET_REGISTER filename match","Not approved for this placement","REQUIRED","Do not use; replace with NE-HOME-IMG-006","","","","","May remain available for Manifesto page"
"ASSET-REJECTED-SYSTEMS-FIELD-SCANNER","systems_hero.webp","ASSETS/05_SYSTEMS/hero/systems_hero.webp","Systems and ecosystem context","Field Scanner","DOCUMENTARY","DONE","MISMATCHED","1920x1080","Review required","ASSET_REGISTER filename match","Not approved for this placement","REQUIRED","Do not use; replace with NE-HOME-IMG-001","","","","","May remain available for Systems page"
"ASSET-REJECTED-COMMUNITY-NEW-EARTH-LIVING","community_hero.webp","ASSETS/11_COMMUNITY/hero/community_hero.webp","Community and participation","New Earth Living","DOCUMENTARY","DONE","MISMATCHED","1920x1080","Review required","ASSET_REGISTER filename match","Not approved for this placement","REQUIRED","Do not use; replace with NE-HOME-IMG-002","","","","","Retained for Get Involved only"
"ASSET-REJECTED-GLOBAL-JOURNAL","global_page_hero_template.webp","ASSETS/01_GLOBAL_SITE/heroes/global_page_hero_template.webp","Neutral global treatment","Journal","DOCUMENTARY","DONE","GENERIC","1920x1080","Review required","ASSET_REGISTER filename match","Not approved for article-specific placement","RECOMMENDED","Do not use; replace with NE-HOME-IMG-003","","","","","Global treatment remains available for genuinely neutral contexts"
"ASSET-REJECTED-ABOUT-RESOURCES","about_hero.webp","ASSETS/07_ABOUT/hero/about_hero.webp","Founders, team, or human story","Resources","DOCUMENTARY","DONE","MISMATCHED","1920x1080","Review required","ASSET_REGISTER filename match","Not approved for this placement","RECOMMENDED","Do not use; replace with NE-HOME-IMG-004","","","","","May remain available for About page"
"ASSET-REJECTED-MANIFESTO-GLOSSARY","manifesto_hero.webp","ASSETS/03_MANIFESTO/hero/manifesto_hero.webp","Manifesto or reflective doctrine","FAQ and Glossary","DOCUMENTARY","DONE","MISMATCHED","1920x1080","Review required","ASSET_REGISTER filename match","Not approved for this placement","RECOMMENDED","Do not use; replace with NE-HOME-IMG-005","","","","","May remain available for Manifesto page"
"NE-HOME-IMG-001","field_scanner_project.webp","ASSETS/05_SYSTEMS/projects/field_scanner_project.webp","Field Scanner handheld device for discovering and inspecting MicroGrow nodes","Featured Projects / Field Scanner","CONCEPTUAL","APPROVED","EXACT","1600x900; 16:9","Source rights not independently verified","Handoff manifest and source hash verified","Peter-approved handoff candidate","REQUIRED","Adopt after validation","EC9220E5D947987FE4A19307D3D03F6CD76A7DC4BAD2E3CE3AEDF18D96812015","FD46B0ADED20F0992340783EB36C3352462992C5E938A2CDCC3BD653DF86CC7D","1600x900","216984","Conceptual visual; handheld node-inspection context; no operational claim"
"NE-HOME-IMG-002","new_earth_living_app.webp","ASSETS/10_RESOURCES/hero/new_earth_living_app.webp","New Earth Living app connected to the New Earth Conscious Living ecosystem lane","Featured Projects / New Earth Living","CONCEPTUAL","APPROVED","EXACT","1600x900; 16:9","Source rights not independently verified","Handoff manifest and source hash verified","Peter-approved handoff candidate","REQUIRED","Adopt after validation","78A343C213B2EB68592BB4E5FC2CEDD1C3945AEFFB161FB173BCF8A9B1CC7AE3","B87796075AC89D5B85E12F2593E2BE11F8FC5916D6173B7056A2AAC0ADB099D3","1600x900","175920","Conceptual app-lane visual; not a physical settlement or readiness proof"
"NE-HOME-IMG-003","journal_featured_home.webp","ASSETS/09_BLOG/featured/journal_featured_home.webp","Journal editorial and field-notes context","Journal","CONCEPTUAL","APPROVED","EXACT","1600x900; 16:9","Source rights not independently verified","Handoff manifest and source hash verified","Peter-approved handoff candidate","RECOMMENDED","Adopt after validation","F7F8A2E6BFB0973FFF28D0BC838E079AAECC8303F2DE1BC6F11ADE4B3A8DE76B","87C985EC6827D5FAF7C32BFF6C8EF33A3E79B2950C7E0413BB3D549B73A3E4F5","1600x900","263580","Conceptual editorial visual; does not claim a specific published article"
"NE-HOME-IMG-004","resources_featured_home.webp","ASSETS/10_RESOURCES/featured/resources_featured_home.webp","Resources and practical learning context","Resources","CONCEPTUAL","APPROVED","EXACT","1600x900; 16:9","Source rights not independently verified","Handoff manifest and source hash verified","Peter-approved handoff candidate","RECOMMENDED","Adopt after validation","9ABB8A24F47DE84A8570B53CB2AF6D0C375216784355F2D3C49B3EE124D5A449","8BEC827D3BC3DB2B57085AE9E0C75C62FF9AAC76CA7891883D118A4073BBCA3B","1600x900","274030","Conceptual learning visual; does not claim a specific published resource"
"NE-HOME-IMG-005","faq_glossary_featured.webp","ASSETS/10_RESOURCES/featured/faq_glossary_featured.webp","Language, definitions, and public discovery","FAQ and Glossary","CONCEPTUAL","APPROVED","EXACT","1600x900; 16:9","Source rights not independently verified","Handoff manifest and source hash verified","Peter-approved handoff candidate","RECOMMENDED","Adopt after validation","E053E362281317C868593EDFCC3A8543279D967FCC9FA06D57A91EBEF2CD1242","8680AFEB285B9C27E02010DDF380C73CD798DE9A0F0412B77261259B168ADF18","1600x900","204662","Conceptual language/discovery visual; text remains primary"
"NE-HOME-IMG-006","home_introduction_new_earth.webp","ASSETS/02_HOME/sections/home_introduction_new_earth.webp","Grounded New Earth introduction context","What is New Earth?","CONCEPTUAL","APPROVED","EXACT","1600x1000; 8:5","Source rights not independently verified","Handoff manifest and source hash verified","Peter-approved handoff candidate","REQUIRED","Adopt after validation","C3F826D107AC002A15441A9812E3310AACF2E3574AA26BBC14D734AC95863385","7802994D213B830B8033685A35FB5007A57ABBAB96B94EA087790A085BE1CA20","1600x1000","440506","Conceptual visual; no unsupported civilization or outcome claim"
"NE-HOME-IMG-007","microgrow_ai_lab_project_card.webp","ASSETS/06_MICROGROW/product/microgrow_ai_lab_project_card.webp","Dedicated MicroGrow AI Lab homepage project-card context","Featured Projects / MicroGrow","CONCEPTUAL","APPROVED","EXACT","1600x900; 16:9","Source rights not independently verified","Attached source inspected; source hash recorded","Peter-approved generated asset","REQUIRED","Adopt after validation","1303F7199710377279C82B3BEEA951B13B35E5031F337405998CCFE3487343B6","B2E258D08D1DA2FB2D666939EF5B65D9D25C1F13291D1019EF32CFBE400940B7","1600x900","233504","Conceptual research environment; not documentary evidence, commercial availability, proven performance, or direct actuator control"
"NE-COMMUNITY-IMG-001","new_earth_builders_logo.webp","ASSETS/11_COMMUNITY/partners/new_earth_builders_logo.webp","New Earth Builders independent community platform","Get Involved external community feature","SCREENSHOT-DERIVED","APPROVED","EXACT","800x800; square","Original transparent PNG or SVG optional","Owner-supplied source screenshot; no private conversation evidence stored","Public display permission confirmed for new-earth.uk existing context","REQUIRED","Use as third-party brand asset with permission","4114A08E611F6889341C17D002A1B47A8B6F3328CA581B64968D01E809DDF5A3","8E03C9F84187E01008854297327C4117980C7B76A113ED4C0D284CB02B85BEC6","800x800","39808","Non-generative crop and resize; white background retained; source screenshot not committed; no ownership claim"
